[{"id":153917530,"title":"Blog Template","order":1,"templateKey":"blog","customTemplate":false,"customTemplateFilename":null,"pageLinks":[],"dateCreated":"2023-11-17T15:47:03.211Z","dateUpdated":"2023-11-17T15:47:05.532Z","folderId":null,"pageName":"Blog Template","serverPageId":null,"sectionCount":1,"status":2,"backwardUrl":null},{"id":193693562,"title":"Post Template","order":2,"templateKey":"post","customTemplate":false,"customTemplateFilename":null,"pageLinks":[],"dateCreated":"2023-11-17T15:47:03.494Z","dateUpdated":"2023-11-17T15:47:05.532Z","folderId":null,"pageName":"Post Template","serverPageId":null,"sectionCount":1,"status":2,"backwardUrl":null},{"id":291262971,"title":"Product List Template","order":3,"templateKey":"products","customTemplate":false,"customTemplateFilename":null,"pageLinks":[],"dateCreated":"2023-11-17T15:47:03.734Z","dateUpdated":"2023-11-17T15:47:05.533Z","folderId":null,"pageName":"Product List Template","serverPageId":null,"sectionCount":1,"status":2,"backwardUrl":null},{"id":265472346,"title":"Product Details Template","order":4,"templateKey":"product","customTemplate":false,"customTemplateFilename":null,"pageLinks":[],"dateCreated":"2023-11-17T15:47:03.954Z","dateUpdated":"2023-11-17T15:47:05.533Z","folderId":null,"pageName":"Product Details Template","serverPageId":null,"sectionCount":1,"status":2,"backwardUrl":null},{"id":104300283,"title":"Shopping Cart Template","order":5,"templateKey":"cart","customTemplate":false,"customTemplateFilename":null,"pageLinks":[],"dateCreated":"2023-11-17T15:47:04.149Z","dateUpdated":"2023-11-17T15:47:05.533Z","folderId":null,"pageName":"Shopping Cart Template","serverPageId":null,"sectionCount":1,"status":2,"backwardUrl":null},{"id":5267663,"title":"Checkout Template","order":6,"templateKey":"checkout","customTemplate":false,"customTemplateFilename":null,"pageLinks":[],"dateCreated":"2023-11-17T15:47:04.442Z","dateUpdated":"2023-11-17T15:47:05.533Z","folderId":null,"pageName":"Checkout Template","serverPageId":null,"sectionCount":1,"status":2,"backwardUrl":null},{"id":2609601784,"title":"Login Template","order":7,"templateKey":"login","customTemplate":false,"customTemplateFilename":null,"pageLinks":[],"dateCreated":"2023-11-17T15:47:04.579Z","dateUpdated":"2023-11-17T15:47:05.533Z","folderId":null,"pageName":"Login Template","serverPageId":null,"sectionCount":1,"status":2,"backwardUrl":null},{"id":584620488,"title":"Page Password Template","order":8,"templateKey":"password","customTemplate":false,"customTemplateFilename":null,"pageLinks":[],"dateCreated":"2023-11-17T15:47:04.682Z","dateUpdated":"2023-11-17T15:47:05.534Z","folderId":null,"pageName":"Page Password Template","serverPageId":null,"sectionCount":1,"status":2,"backwardUrl":null},{"id":2061800423,"title":"404 Not Found Template","order":9,"templateKey":"404","customTemplate":false,"customTemplateFilename":null,"pageLinks":[],"dateCreated":"2023-11-17T15:47:04.777Z","dateUpdated":"2023-11-17T15:47:05.534Z","folderId":null,"pageName":"404 Not Found Template","serverPageId":null,"sectionCount":1,"status":2,"backwardUrl":null},{"id":3005816640,"title":"Thank You Page Template","order":10,"templateKey":"ThankYou","customTemplate":false,"customTemplateFilename":null,"pageLinks":[],"dateCreated":"2023-11-17T15:47:04.873Z","dateUpdated":"2023-11-17T15:47:05.534Z","folderId":null,"pageName":"Thank You Page Template","serverPageId":null,"sectionCount":1,"status":2,"backwardUrl":null},{"id":269900149,"title":"Home","order":50,"templateKey":null,"customTemplate":false,"customTemplateFilename":null,"pageLinks":["5100331","5102249"],"dateCreated":"2023-11-17T15:47:06.727Z","dateUpdated":"2023-11-18T00:45:43.916Z","folderId":null,"pageName":"Home_269900149","serverPageId":null,"sectionCount":9,"status":2,"backwardUrl":null},{"id":2844701751,"title":"Acerca de","order":100,"templateKey":null,"customTemplate":false,"customTemplateFilename":null,"pageLinks":[],"dateCreated":"2023-11-17T15:47:04.944Z","dateUpdated":"2023-11-17T15:47:05.534Z","folderId":null,"pageName":"Acerca de_2844701751","serverPageId":null,"sectionCount":1,"status":2,"backwardUrl":null},{"id":117145135,"title":"Contacto","order":101,"templateKey":null,"customTemplate":false,"customTemplateFilename":null,"pageLinks":[],"dateCreated":"2023-11-17T15:47:04.999Z","dateUpdated":"2023-11-17T15:47:05.535Z","folderId":null,"pageName":"Contacto_117145135","serverPageId":null,"sectionCount":1,"status":2,"backwardUrl":null}]